{
    "name": "root",
    "gauges": {
        "BigWallJump.Policy.Entropy.mean": {
            "value": 3.401442050933838,
            "min": 3.3813111782073975,
            "max": 3.9200191497802734,
            "count": 7
        },
        "BigWallJump.Policy.Entropy.sum": {
            "value": 69647.9296875,
            "min": 67357.328125,
            "max": 81454.078125,
            "count": 7
        },
        "BigWallJump.Environment.EpisodeLength.mean": {
            "value": 265.2368421052632,
            "min": 77.87124463519314,
            "max": 265.2368421052632,
            "count": 7
        },
        "BigWallJump.Environment.EpisodeLength.sum": {
            "value": 20158.0,
            "min": 18144.0,
            "max": 20275.0,
            "count": 7
        },
        "BigWallJump.Step.mean": {
            "value": 139987.0,
            "min": 19952.0,
            "max": 139987.0,
            "count": 7
        },
        "BigWallJump.Step.sum": {
            "value": 139987.0,
            "min": 19952.0,
            "max": 139987.0,
            "count": 7
        },
        "BigWallJump.Policy.ExtrinsicValueEstimate.mean": {
            "value": -0.3326140344142914,
            "min": -0.4861977994441986,
            "max": -0.3226815164089203,
            "count": 7
        },
        "BigWallJump.Policy.ExtrinsicValueEstimate.sum": {
            "value": -70.18156433105469,
            "min": -122.48889923095703,
            "max": -67.44043731689453,
            "count": 7
        },
        "BigWallJump.Environment.CumulativeReward.mean": {
            "value": -1.0463701740100786,
            "min": -1.1773642333513448,
            "max": -1.0441364006240634,
            "count": 7
        },
        "BigWallJump.Environment.CumulativeReward.sum": {
            "value": -80.57050339877605,
            "min": -273.14850213751197,
            "max": -80.39850284805289,
            "count": 7
        },
        "BigWallJump.Policy.ExtrinsicReward.mean": {
            "value": -1.0463701740100786,
            "min": -1.1773642333513448,
            "max": -1.0441364006240634,
            "count": 7
        },
        "BigWallJump.Policy.ExtrinsicReward.sum": {
            "value": -80.57050339877605,
            "min": -273.14850213751197,
            "max": -80.39850284805289,
            "count": 7
        },
        "BigWallJump.Losses.PolicyLoss.mean": {
            "value": 0.06680257987391089,
            "min": 0.06483565832952758,
            "max": 0.06773609295070503,
            "count": 7
        },
        "BigWallJump.Losses.PolicyLoss.sum": {
            "value": 0.6680257987391088,
            "min": 0.5923525720330265,
            "max": 0.6680257987391088,
            "count": 7
        },
        "BigWallJump.Losses.ValueLoss.mean": {
            "value": 0.009367096110751542,
            "min": 0.008003606098032367,
            "max": 0.028828772276432976,
            "count": 7
        },
        "BigWallJump.Losses.ValueLoss.sum": {
            "value": 0.09367096110751541,
            "min": 0.07312594287991397,
            "max": 0.2594589504878968,
            "count": 7
        },
        "BigWallJump.Policy.LearningRate.mean": {
            "value": 0.00017018814327063336,
            "min": 0.00017018814327063336,
            "max": 0.0002896195590157037,
            "count": 7
        },
        "BigWallJump.Policy.LearningRate.sum": {
            "value": 0.0017018814327063336,
            "min": 0.0017018814327063336,
            "max": 0.002695458101513999,
            "count": 7
        },
        "BigWallJump.Policy.Epsilon.mean": {
            "value": 0.15672936666666668,
            "min": 0.15672936666666668,
            "max": 0.19653985185185185,
            "count": 7
        },
        "BigWallJump.Policy.Epsilon.sum": {
            "value": 1.5672936666666668,
            "min": 1.4708070000000002,
            "max": 1.8984860000000001,
            "count": 7
        },
        "BigWallJump.Policy.Beta.mean": {
            "value": 0.002840795396666667,
            "min": 0.002840795396666667,
            "max": 0.004827338607407407,
            "count": 7
        },
        "BigWallJump.Policy.Beta.sum": {
            "value": 0.02840795396666667,
            "min": 0.02840795396666667,
            "max": 0.044934451400000006,
            "count": 7
        },
        "BigWallJump.IsTraining.mean": {
            "value": 1.0,
            "min": 1.0,
            "max": 1.0,
            "count": 7
        },
        "BigWallJump.IsTraining.sum": {
            "value": 1.0,
            "min": 1.0,
            "max": 1.0,
            "count": 7
        },
        "SmallWallJump.Policy.Entropy.mean": {
            "value": 3.8605053424835205,
            "min": 3.8605053424835205,
            "max": 3.8605053424835205,
            "count": 1
        },
        "SmallWallJump.Policy.Entropy.sum": {
            "value": 77989.9296875,
            "min": 77989.9296875,
            "max": 77989.9296875,
            "count": 1
        },
        "SmallWallJump.Environment.EpisodeLength.mean": {
            "value": 60.80250783699059,
            "min": 60.80250783699059,
            "max": 60.80250783699059,
            "count": 1
        },
        "SmallWallJump.Environment.EpisodeLength.sum": {
            "value": 19396.0,
            "min": 19396.0,
            "max": 19396.0,
            "count": 1
        },
        "SmallWallJump.Step.mean": {
            "value": 19971.0,
            "min": 19971.0,
            "max": 19971.0,
            "count": 1
        },
        "SmallWallJump.Step.sum": {
            "value": 19971.0,
            "min": 19971.0,
            "max": 19971.0,
            "count": 1
        },
        "SmallWallJump.Policy.ExtrinsicValueEstimate.mean": {
            "value": -0.2942807674407959,
            "min": -0.2942807674407959,
            "max": -0.2942807674407959,
            "count": 1
        },
        "SmallWallJump.Policy.ExtrinsicValueEstimate.sum": {
            "value": -110.94384765625,
            "min": -110.94384765625,
            "max": -110.94384765625,
            "count": 1
        },
        "SmallWallJump.Environment.CumulativeReward.mean": {
            "value": -0.7382601936591197,
            "min": -0.7382601936591197,
            "max": -0.7382601936591197,
            "count": 1
        },
        "SmallWallJump.Environment.CumulativeReward.sum": {
            "value": -235.50500177725917,
            "min": -235.50500177725917,
            "max": -235.50500177725917,
            "count": 1
        },
        "SmallWallJump.Policy.ExtrinsicReward.mean": {
            "value": -0.7382601936591197,
            "min": -0.7382601936591197,
            "max": -0.7382601936591197,
            "count": 1
        },
        "SmallWallJump.Policy.ExtrinsicReward.sum": {
            "value": -235.50500177725917,
            "min": -235.50500177725917,
            "max": -235.50500177725917,
            "count": 1
        },
        "SmallWallJump.Losses.PolicyLoss.mean": {
            "value": 0.06991880335023297,
            "min": 0.06991880335023297,
            "max": 0.06991880335023297,
            "count": 1
        },
        "SmallWallJump.Losses.PolicyLoss.sum": {
            "value": 0.6292692301520967,
            "min": 0.6292692301520967,
            "max": 0.6292692301520967,
            "count": 1
        },
        "SmallWallJump.Losses.ValueLoss.mean": {
            "value": 0.06258816961686012,
            "min": 0.06258816961686012,
            "max": 0.06258816961686012,
            "count": 1
        },
        "SmallWallJump.Losses.ValueLoss.sum": {
            "value": 0.563293526551741,
            "min": 0.563293526551741,
            "max": 0.563293526551741,
            "count": 1
        },
        "SmallWallJump.Policy.LearningRate.mean": {
            "value": 0.00028952844793496294,